{
  "features": {
    "ghcr.io/devcontainers/features/sshd:1": {
      "version": "latest"
    },
    "ghcr.io/devcontainers/features/dotnet:2.3.0": {
      "version": "9.0"
    },
    "ghcr.io/devcontainers/features/docker-in-docker:2": {}
  },
  "customizations": {
    "vscode": {
      "extensions": [
        "ms-dotnettools.csdevkit",
        "ms-mssql.mssql",
        "dbaeumer.vscode-eslint",
        "ms-azuretools.vscode-docker",
        "ms-vscode-remote.remote-containers"
      ]
    }
  },
  "postCreateCommand": "dotnet restore"
}